pos,aa,e0_slope,e1_slope,c0_slope,,,
-1,none,0.426549342,0.045425429,-0.038169966,,,
0,none,0,0,0,,,
2,A,0.147802913,0.036073551,-0.132167126,,,
2,C,-0.158704553,0.110159574,-0.286982776,,,
2,D,0.240124671,0.327628146,0.556172697,,,
2,E,0.052125328,0.0703645,-0.130296294,,,
2,G,0.090316757,-0.118617667,-0.096273846,,,
2,H,0.035888501,-0.91633633,-0.466089476,,,
2,I,0.4517127,-0.178318579,-0.369233986,,,
2,K,0.4517127,-0.839321014,-0.466089476,,,
2,N,0.975012221,-0.501252804,-0.531371865,,,
2,P,0.056697312,0.115930838,-0.185356663,,,
2,R,1.026044778,0.045189062,0.063638954,,,
2,S,0.109933327,-0.022145859,-0.307346533,,,
2,STOP,-0.660696915,-0.149069702,-0.611870579,,,
2,T,-0.172796783,-0.026043754,-0.117213042,,,
2,V,0.36343273,0.005008855,0.502076861,,,
2,W,0.4517127,-0.011891251,-0.466089476,0.274734354,-0.126904849,-0.162174803
3,A,0.51476834,0.138192373,0.203277985,,,
3,C,0.272028136,0.060519751,0.031421771,,,
3,D,-0.039127545,-0.194277576,-0.441780846,,,
3,E,-0.722054173,-0.112607099,-0.678649743,,,
3,F,0.530268128,-0.402858116,0.113298885,,,
3,G,0.751130872,0.184787784,0.194483541,,,
3,H,0.349150083,-0.009366032,-0.269454977,,,
3,I,0.089677919,0.056113211,0.098990929,,,
3,K,-0.21594184,-0.404740962,-0.643987565,,,
3,L,-0.004561642,0.016536775,-0.14194154,,,
3,M,-0.001263082,-0.06366732,-0.006723241,,,
3,N,-0.572760788,-0.231176135,-0.443763652,,,
3,P,-0.068574989,-0.096409024,-0.14689981,,,
3,Q,-0.074480259,-0.037168241,-0.137058957,,,
3,R,-0.312037751,-0.300910001,-0.274299087,,,
3,S,-0.804235452,-0.265797467,-0.842829007,,,
3,STOP,-0.429774597,-0.278785903,-0.216560953,,,
3,T,0.304335023,0.023428331,0.059450971,,,
3,V,-0.034998162,0.025727482,0.037424495,,,
3,W,0.009070425,-0.165984073,-0.657726494,,,
3,Y,-0.2529591,0.128894305,-0.28938826,-0.014128293,-0.082538102,-0.21180773
4,A,-0.776392017,-0.24736705,-0.795526402,,,
4,C,-0.273623102,-0.037494156,-0.278428783,,,
4,D,-0.592890464,-0.386108438,-0.657811338,,,
4,F,0.007397389,0.034682924,0.019574463,,,
4,G,-0.651029883,-0.282898345,-0.238719851,,,
4,H,-0.379956329,-0.114356562,-0.342942713,,,
4,I,-0.474225257,-0.011891251,-0.466089476,,,
4,K,0.116221334,-0.011891251,-0.466089476,,,
4,L,-0.260507905,-0.099945723,0.101866512,,,
4,M,-0.509502798,-0.330400312,0.286284701,,,
4,N,-0.233817216,0.695413825,-0.35217858,,,
4,P,-0.304303887,-0.326311079,-0.578133304,,,
4,Q,0.191113622,-0.337332728,-0.295626571,,,
4,R,-0.233817216,0.695413825,-0.466089476,,,
4,S,0.046751059,-0.157793401,-0.431047653,,,
4,STOP,0.539688536,-0.067425565,-0.276715703,,,
4,T,-0.233817216,-0.270107307,-0.008863558,,,
4,V,1.639300417,-0.011891251,-0.466089476,,,
4,W,-0.323351497,-0.036306335,0.115059345,,,
4,Y,-0.37470309,-0.072425913,0.07493004,-0.190587056,-0.068895291,-0.276101137
5,A,-0.153844823,-0.000585549,-0.112129279,,,
5,C,-0.156302525,0.016520099,-0.052935444,,,
5,D,-0.400345088,0.07269974,-0.413321162,,,
5,E,0.030656241,-0.159260764,0.175621761,,,
5,F,-0.011301644,0.087629124,0.020990873,,,
5,G,0.115704517,0.096577893,-0.333502531,,,
5,I,-0.02017015,-0.044069612,-0.053315211,,,
5,K,0.105830531,0.232344779,-0.196086095,,,
5,L,0.296619077,0.079497333,0.11984968,,,
5,M,0.000408077,-0.01202269,-0.162760343,,,
5,N,-0.783905691,-0.856853671,-0.35217858,,,
5,P,-0.369507643,-0.251052717,-0.541188442,,,
5,Q,0.4517127,0.815538512,0.996376297,,,
5,R,-0.306087288,-0.463738378,-0.094393432,,,
5,S,0.224367562,-0.034642087,-0.180152136,,,
5,STOP,-0.088729669,-0.023541224,-0.332914482,,,
5,T,0.052148691,-0.102824081,-0.076340055,,,
5,V,0.014070361,-0.008748256,-0.040695639,,,
5,Y,0.448021215,-0.026944907,-0.044165338,-0.025662549,-0.031107513,-0.074462504
6,A,0.482886489,0.079912555,0.176817771,,,
6,C,0.466087035,0.105835831,0.001413182,,,
6,D,-0.400743359,-0.210751142,-0.485591449,,,
6,E,-0.356155754,-0.122697458,-0.323205943,,,
6,F,0.458332687,0.020745887,-0.018619549,,,
6,G,1.069920994,0.226366507,0.350175777,,,
6,H,0.442236487,0.112837843,0.224544915,,,
6,I,0.888392219,0.236228537,0.261758682,,,
6,K,0.088142416,-0.048059045,-0.003356012,,,
6,L,0.927939428,0.23117415,0.297584466,,,
6,N,0.710742163,0.141910691,0.315760244,,,
6,P,-0.263724138,-0.204625338,-0.249183659,,,
6,Q,0.262707435,0.050016326,0.135405067,,,
6,R,-0.083939246,-0.099428062,-0.078491876,,,
6,S,0.7976888,0.172170948,0.320662633,,,
6,STOP,-0.628623137,-0.352577819,-0.497823578,,,
6,T,0.961034721,0.180630245,0.326112652,,,
6,V,1.126437891,0.248930543,0.419295001,,,
6,W,0.047884004,-0.00526748,-0.284212732,,,
6,Y,0.775130412,0.155338024,0.284386561,0.442157931,0.066908924,0.087960828
7,A,0.085944472,0.037977952,0.124876789,,,
7,C,0.035929391,-0.00995034,-0.104825577,,,
7,D,0.159387635,-0.117837685,-0.216435597,,,
7,E,0.833408274,0.183464133,0.160711948,,,
7,F,-0.474225257,-0.011891251,-0.466089476,,,
7,G,0.647235304,0.197417335,0.261317079,,,
7,H,0.527694799,0.110643588,-0.013142804,,,
7,I,-0.162843775,-0.066177558,-0.366781353,,,
7,K,0.121507707,0.128056321,-0.421981292,,,
7,L,0.425815264,-0.058005349,-0.060567831,,,
7,M,-0.261013519,0.134305676,-0.275701631,,,
7,N,0.729416309,0.090074516,0.321715305,,,
7,P,0.748226329,0.177622245,0.232882785,,,
7,Q,0.481647797,0.096171328,-0.002454332,,,
7,R,0.13898076,-0.022418642,-0.129539114,,,
7,S,0.088417509,0.039481421,0.078728713,,,
7,STOP,-0.01511961,-0.077512369,-0.330735096,,,
7,T,-0.061631495,-0.000819575,0.002007998,,,
7,V,0.21543032,-0.071645774,-0.155693578,,,
7,W,-0.710591759,-0.289502051,-0.626503338,,,
7,Y,1.32089439,-0.011891251,0.979320891,0.244481523,0.026753752,-0.033907721
8,A,-0.554455995,-0.293632869,-0.655970343,,,
8,C,-0.994938725,-0.364604252,-0.678520216,,,
8,D,0.003131469,0.087579561,-0.243699165,,,
8,E,-0.698690581,-0.522558297,-0.813926416,,,
8,F,-0.446351058,-0.229008674,-0.75222428,,,
8,G,-0.148870211,-0.107367437,-0.37178862,,,
8,H,-0.055489519,-0.313592599,-0.771468676,,,
8,I,0.184202014,0.043261765,0.168082736,,,
8,K,-0.559727779,-0.315373518,-0.787458143,,,
8,L,0.003479855,0.00494698,-0.008897493,,,
8,M,-0.321474665,-0.010231025,0.073042642,,,
8,N,-0.282455544,-0.398767024,-0.223994487,,,
8,P,-0.38251179,-0.24792057,-0.583829794,,,
8,Q,-0.645177566,-0.494213712,-1.056145105,,,
8,R,-0.408543968,-0.166030369,-0.524758344,,,
8,S,-0.228622739,-0.3132902,-0.436214217,,,
8,STOP,-0.518516729,-0.146135351,-0.352087415,,,
8,T,-0.549553443,-0.358126622,-0.744462807,,,
8,V,0.496137566,0.102955265,0.163561722,,,
8,W,-0.620499304,-0.142540304,-0.958142312,,,
8,Y,-0.677287523,-0.156407814,-0.624158158,-0.344384975,-0.209746086,-0.491548574
9,A,0.147346825,0.003331556,0.088498859,,,
9,C,0.752646513,0.131543191,0.299876602,,,
9,D,0.137855382,-0.012414204,-0.30499573,,,
9,E,0.182650221,-0.094219394,-0.15603743,,,
9,F,-0.590155924,-0.369439982,-0.757625844,,,
9,G,0.063254687,0.033441736,0.12853997,,,
9,H,0.363399357,0.118261884,0.201539717,,,
9,I,0.679551373,0.101659921,0.283215991,,,
9,K,-0.359640226,-0.283583386,-0.501721579,,,
9,L,0.567587604,0.073574631,0.224030489,,,
9,M,0.283400968,0.07955097,-0.021620306,,,
9,N,0.266159589,0.073134308,0.193200235,,,
9,P,0.538771388,0.192825039,0.413230363,,,
9,Q,0.325440042,0.112066598,0.235172915,,,
9,R,0.089640156,-0.066027884,-0.198185391,,,
9,S,0.070798785,0.017718538,0.027973966,,,
9,STOP,-0.37158417,-0.229280488,-0.388425835,,,
9,T,-0.004251097,0.015127339,-0.009081804,,,
9,V,0.266986528,0.010383596,0.167466843,,,
9,W,-0.34352515,-0.657684773,-0.367240611,,,
9,Y,-0.44290588,-0.261582724,-0.711506087,0.149750557,-0.039116652,-0.038263442
10,A,0.192379903,-0.050480843,-0.225945808,,,
10,C,0.720166659,0.22724718,0.200532115,,,
10,D,-0.016149141,-0.048763773,-0.254821094,,,
10,E,-0.116891748,-0.121992621,-0.540771738,,,
10,F,-0.158880605,-0.028125126,-1.061194346,,,
10,G,-0.027468007,-0.009951599,-0.019669485,,,
10,H,-0.158269839,-0.159272113,-0.348773086,,,
10,I,0.037672106,0.090546623,-0.509399187,,,
10,K,-0.734916463,-0.214905919,-0.39206165,,,
10,L,0.20270309,-0.186918969,-0.248980139,,,
10,M,0.064193749,-0.139810921,0.195219401,,,
10,N,-0.060478757,-0.048024749,-0.200789521,,,
10,P,-0.397130359,-0.320205631,-0.024886274,,,
10,Q,-0.113354925,-0.139745496,-0.262879145,,,
10,R,-0.262505506,-0.154880538,-0.234803194,,,
10,S,0.232398643,-0.075261306,-0.107430107,,,
10,STOP,-0.448214905,-0.526800265,-0.887831896,,,
10,T,-0.147687297,-0.157274387,-0.539675005,,,
10,V,-0.021287794,-0.118671561,-0.593776587,,,
10,W,-0.493845233,-0.011891251,-1.199106546,,,
10,Y,0.146188495,-0.022556545,-0.077661088,-0.055658151,-0.084546977,-0.322343624
11,A,0.742613685,0.132803776,0.233930372,,,
11,C,0.253930289,0.018605645,-0.06968409,,,
11,D,0.273845359,0.012292096,-0.237736054,,,
11,E,0.099518809,-0.033601909,-0.365459943,,,
11,F,0.739542876,0.130223187,0.220402578,,,
11,G,1.11215109,0.189163276,0.351062016,,,
11,H,0.412543546,0.046153701,0.057025822,,,
11,I,0.363091456,0.012785769,0.018053264,,,
11,K,0.099041514,0.032084783,-0.071050493,,,
11,L,0.457600001,0.051287237,0.020801292,,,
11,M,0.31974928,0.124800851,0.166398507,,,
11,N,0.652454919,0.092296173,0.148538447,,,
11,P,0.181525627,-0.053710399,-0.176629531,,,
11,Q,0.577397331,0.068490794,0.123880191,,,
11,R,-0.069739383,-0.03362846,-0.092881615,,,
11,S,0.728967741,0.110920382,0.1985401,,,
11,STOP,-0.747967865,-0.306010842,-0.2621283,,,
11,T,0.460558707,0.0792646,0.114223268,,,
11,V,0.215289061,0.009202027,-0.08136106,,,
11,W,-0.125222754,0.03733457,-0.907072239,,,
11,Y,0.930573537,0.172143858,0.079515068,,,
12,A,-0.009962895,0.115210769,0.122597216,,,
12,C,-0.207863991,-0.058452789,-0.106642542,,,
12,D,0.243696155,0.095081792,0.275567152,,,
12,F,-1.589165653,-0.169649369,0.24740327,,,
12,G,-0.252246425,-0.678282292,0.252541496,,,
12,I,0.728365375,0.126445079,0.178253079,,,
12,L,-0.754334054,-0.084286076,-0.22217454,,,
12,M,-0.105757498,-0.382133937,-0.138889787,,,
12,N,0.291375331,0.07685313,0.508888725,,,
12,P,0.092040053,-0.016374135,0.279530864,,,
12,Q,-0.474225257,-0.011891251,-0.466089476,,,
12,S,-0.01140279,-0.092105071,0.006063085,,,
12,STOP,-0.374333853,-0.131873131,-0.387118263,,,
12,T,-0.091489036,0.008956639,0.069964927,,,
12,V,-0.758304195,-0.213981234,0.023728127,,,
12,W,-0.969780691,-0.023463221,-0.178866134,,,
12,Y,0.180776612,-0.128969051,0.017871342,,,
13,A,0.215274874,0.034277722,-0.035692234,,,
13,C,0.066757354,0.019079516,-0.002903379,,,
13,D,0.328872375,-0.026354695,-0.300562567,,,
13,E,0.520657592,0.070139426,0.080117191,,,
13,F,-0.589910775,0.220295011,-0.658324753,,,
13,G,0.330084611,0.083246217,-0.169991049,,,
13,H,0.637301046,0.076904202,0.108224487,,,
13,I,-0.034166107,0.035416902,-0.02121312,,,
13,K,0.264959015,-0.00851434,-0.127853463,,,
13,L,0.25790135,0.039532658,0.056691084,,,
13,M,0.4517127,0.008832928,-0.696433675,,,
13,N,-0.022028829,-0.025601986,0.170452628,,,
13,P,-0.474852433,-0.102510832,-0.44672084,,,
13,Q,0.737933203,0.115752641,0.24463818,,,
13,R,0.335503292,0.069077791,-0.02549622,,,
13,S,-0.153685898,-0.086828249,-0.07745013,,,
13,STOP,-0.434432556,-0.163057819,-0.058588104,,,
13,T,-0.177414328,-0.108031963,-0.275468356,,,
13,V,0.103228264,0.007027687,0.005895811,,,
13,W,0.4517127,-1.088402192,-0.466089476,,,
13,Y,-0.24738335,-0.151616866,-0.518736718,,,
14,A,0.314279383,0.07351351,0.09067962,,,
14,C,0.272527075,0.081151843,-0.042550488,,,
14,F,-0.474225257,-0.011891251,-0.466089476,,,
14,G,0.261679086,0.041636484,0.079755438,,,
14,H,0.223506066,0.00189632,0.087396312,,,
14,I,0.436509172,0.108620619,-1.018123144,,,
14,K,-0.31184815,-0.135169936,-0.261950128,,,
14,L,0.270053533,-0.110222931,-0.158798977,,,
14,M,-0.329001343,-0.05952489,-0.251718399,,,
14,N,0.300622047,-0.079554792,-0.567728857,,,
14,P,-0.26712844,-0.133955829,-0.080529457,,,
14,Q,0.4517127,-0.856853671,-0.369233986,,,
14,R,-0.286495475,-0.182198805,-0.093145183,,,
14,S,0.241877766,0.013971933,0.014258477,,,
14,STOP,-0.270909515,-0.367910962,0.705599057,,,
14,T,-0.077598945,-0.005921817,-0.034216894,,,
14,V,-0.095026352,0.087417581,0.411968578,,,
14,Y,0.4517127,-0.011891251,-1.456167825,,,
15,A,0.188201886,-0.004560419,0.015953433,,,
15,C,0.018235584,-0.030815102,0.000704442,,,
15,D,-0.019404818,-0.284164229,-0.758226966,,,
15,E,0.225275261,-0.00586685,-0.020577066,,,
15,F,0.369551321,0.104561111,0.094138217,,,
15,G,-0.293874388,-0.024587848,-0.286706083,,,
15,H,0.270468071,0.023736122,0.228396595,,,
15,I,0.117830991,0.021153828,-0.024223453,,,
15,K,-0.282185541,0.400277048,-0.127807459,,,
15,L,-0.03252251,0.005784488,-0.013774274,,,
15,M,0.064707054,0.097652847,-0.091751353,,,
15,N,0.022573177,0.012357052,0.007792293,,,
15,P,0.181071798,-0.029893859,-0.004404551,,,
15,Q,0.327890691,-0.0072803,0.075530152,,,
15,R,0.043560745,-0.187157025,-0.033870656,,,
15,S,0.237472724,0.050633441,-0.021408117,,,
15,STOP,-0.537935174,-0.244113092,-0.535692345,,,
15,T,0.180677106,-0.035626478,-0.004595113,,,
15,V,0.072612648,-0.006619879,-0.003128104,,,
15,W,-0.752960356,-0.278755908,-0.466089476,,,
15,Y,0.192465453,-0.089149128,-0.056314685,,,
16,A,-0.060502129,-0.016082757,0.035172237,,,
16,C,-0.034886204,-0.012446186,0.025876626,,,
16,D,0.051691893,-0.018442032,0.013452791,,,
16,E,0.002342828,0.031662561,-0.026962412,,,
16,F,0.084877298,0.010225175,0.050483682,,,
16,G,0.088550758,0.016892624,-0.005417783,,,
16,H,0.110986142,0.015734238,0.018375541,,,
16,I,0.191690362,0.10134552,-0.021188435,,,
16,K,0.040132222,0.013248598,-0.084702608,,,
16,L,0.313643566,-0.00645017,0.156543499,,,
16,N,-0.066971721,-0.004120455,-0.015420932,,,
16,P,0.276894158,0.044206762,0.045388138,,,
16,Q,-0.123045406,0.096537756,0.122646849,,,
16,R,-0.059574841,-0.038669004,-0.093416351,,,
16,S,-0.018596473,0.010534595,-0.011253284,,,
16,STOP,-0.467996817,-0.366883883,-0.290685864,,,
16,T,-0.057906223,-0.002122642,-0.008398715,,,
16,V,-0.058447402,-0.033674843,-0.15511498,,,
16,W,0.2419817,0.021563317,-0.141389363,,,
16,Y,0.011065049,0.001588924,-0.000715772,,,
17,A,0.070218205,-0.033982229,0.043343166,,,
17,C,0.038902384,0.013254711,0.001982409,,,
17,D,-0.802270369,-0.384150042,-0.368265236,,,
17,E,0.320645472,-0.008326394,-0.157037081,,,
17,F,0.222722612,-0.052984236,-0.13221484,,,
17,G,0.318373693,0.021827437,0.078825834,,,
17,H,0.241388268,0.05553647,-0.027483738,,,
17,I,-0.071297413,-0.012886349,-0.023312907,,,
17,K,-0.335863978,-0.015000812,-1.030247831,,,
17,L,0.042287778,0.005646229,-0.021126287,,,
17,M,0.104772408,0.035799274,0.061940982,,,
17,N,0.361544471,-0.015603839,0.082623522,,,
17,P,0.344183189,0.015031617,-0.05751769,,,
17,Q,0.316964369,0.038078961,0.012336753,,,
17,R,0.548197267,0.067139599,0.079546473,,,
17,S,0.132548956,0.040654032,0.019255919,,,
17,STOP,-0.064204383,-0.02500855,-0.307217496,,,
17,T,0.047392333,0.01703341,-0.030928043,,,
17,V,-0.051369489,-0.009447788,-0.015034942,,,
17,W,-0.839470661,-0.093286857,-0.285371195,,,
17,Y,0.120104576,-0.093269492,-0.032713988,,,
18,A,0.226989111,0.014511505,0.002143316,,,
18,C,0.131089865,0.032587888,0.029052465,,,
18,D,0.117192192,-0.018403488,-0.011307524,,,
18,E,-0.406477639,0.03301662,0.089817621,,,
18,F,0.240223747,0.00391438,-0.037056662,,,
18,G,0.254760562,0.044500859,-0.015700124,,,
18,H,0.190765948,-0.017258002,0.007999453,,,
18,I,0.139985396,-0.005728872,0.02893214,,,
18,K,0.20091594,-0.029926187,-0.015752817,,,
18,L,0.198410205,0.033292911,0.015688179,,,
18,M,0.221180667,0.068175551,0.031463761,,,
18,N,0.280767145,0.044067319,-0.002787996,,,
18,P,0.394778678,0.083375083,-0.003497059,,,
18,Q,0.244563237,-0.014314901,0.002249323,,,
18,R,0.162613826,0.029898741,-0.006062502,,,
18,S,0.233797939,0.020388776,0.028666343,,,
18,STOP,-0.155026991,-0.32673951,-0.473047223,,,
18,T,0.175888951,0.021458466,0.034873997,,,
18,V,0.194006731,0.027333528,0.048600091,,,
18,W,0.418298696,-0.009384049,-0.102443576,,,
18,Y,0.21539816,0.010931191,-0.107665516,,,
19,A,0.074103131,0.006072656,-0.056057847,,,
19,C,0.043063362,-0.015060724,-0.041503808,,,
19,D,0.042979019,-0.077701392,-0.03623392,,,
19,E,0.09204048,-0.020194121,0.08810126,,,
19,F,0.016525525,-0.091207702,-0.139309062,,,
19,G,-0.008062883,0.028188739,-0.025250414,,,
19,H,0.057762299,0.010996066,0.010973942,,,
19,I,-0.019888675,-0.014190657,-0.023506709,,,
19,K,-0.02551104,0.044488452,-0.010366899,,,
19,L,0.115736209,0.003878867,-0.033257855,,,
19,M,-0.000594678,0.012308639,0.002236082,,,
19,N,0.022255375,0.048348728,-0.03709949,,,
19,P,0.065294453,-0.016783498,-0.062124091,,,
19,Q,0.137719178,0.020670696,-0.024603365,,,
19,R,-0.012241013,0.043996557,-0.00376313,,,
19,S,-0.046612469,0.030781773,-0.038003553,,,
19,STOP,-0.189661683,-0.271706919,-0.364890906,,,
19,T,-0.004583858,0.006593177,-0.019946336,,,
19,V,0.022677745,0.00145051,-0.019281063,,,
19,W,-0.124827615,-0.290581199,-0.26943594,,,
19,Y,0.025583806,-0.046997597,-0.07883054,,,
20,A,-0.045380094,-0.004353979,0.009380945,,,
20,C,-0.036285583,0.010916598,-0.054795767,,,
20,D,-0.012911084,0.016869994,0.017197028,,,
20,E,0.116309732,0.022477549,0.011438079,,,
20,F,0.207064692,0.026577051,0.012705057,,,
20,G,0.097963017,0.002898059,0.028829328,,,
20,H,0.142217555,0.019874111,-0.035437762,,,
20,I,0.100356344,0.035560783,-0.049649908,,,
20,K,0.138413058,0.019589185,0.004692656,,,
20,L,0.25914324,0.015099255,0.017870227,,,
20,M,0.079006719,-0.118538153,0.087718385,,,
20,N,0.098782516,-0.007655812,-0.10399471,,,
20,P,-0.053232734,-0.012401365,-0.077087732,,,
20,Q,0.038734095,0.002054217,-0.049164154,,,
20,R,0.193650236,0.047824967,-0.012356414,,,
20,S,-0.044234428,0.007699806,0.005946718,,,
20,STOP,-0.358907356,-0.266042532,-0.24578253,,,
20,T,0.17698522,0.030088258,-0.001059892,,,
20,V,0.018900918,-0.004774831,0.00962874,,,
20,W,0.075714262,-0.025362459,-0.179022741,,,
20,Y,-0.160212617,-0.087404176,0.527997981,,,
21,A,0.323732509,0.031176913,0.004017275,,,
21,C,0.283266223,0.020950335,-0.021670815,,,
21,D,0.079083277,-0.011154955,0.132649827,,,
21,E,0.565594898,0.081133944,0.109364125,,,
21,F,0.355198357,-0.175305813,0.160120795,,,
21,G,0.382978927,-0.011559485,-0.019420222,,,
21,H,0.329720447,-0.00908796,0.017930313,,,
21,I,0.077273803,-0.075507101,-0.159173934,,,
21,L,0.221644123,-0.015072223,-0.098219334,,,
21,M,0.338118084,0.028554892,0.057391074,,,
21,N,0.266235575,-0.039643804,-0.077915172,,,
21,P,-0.169515539,-0.014088488,-0.723150756,,,
21,Q,0.305521639,-0.011416858,-0.016815907,,,
21,R,0.447186925,0.01305567,-0.091446626,,,
21,S,0.363638969,0.037849844,0.043399165,,,
21,STOP,-0.362592286,-0.305867865,-0.397138225,,,
21,T,0.322404615,0.056370875,-0.021247462,,,
21,V,0.332051799,0.004608017,-0.085447504,,,
21,W,0.181067646,-0.035305767,-0.099474488,,,
21,Y,0.18835909,-0.048896671,-0.041699549,,,
22,A,-0.025532591,0.007216748,0.017850791,,,
22,C,-0.134173561,-0.029494351,0.01437266,,,
22,D,0.159538359,-0.070766371,-0.011737339,,,
22,E,0.024076396,-0.015400189,-0.008948147,,,
22,F,0.364506077,0.05980247,0.026373593,,,
22,G,0.066903828,0.001731168,-0.01354468,,,
22,H,0.113256818,-0.042280116,0.266631259,,,
22,I,0.099408304,0.037919863,0.021390803,,,
22,L,0.085384364,0.044639979,0.019756577,,,
22,M,0.084851033,0.051713505,0.077776322,,,
22,N,0.088000197,-0.003436334,-0.058537587,,,
22,P,0.197439238,0.056094569,0.010356235,,,
22,R,-0.101156944,0.006391542,-0.0246978,,,
22,S,-0.016538868,0.009707462,0.021988893,,,
22,STOP,-0.529343509,-0.37925329,-0.740655125,,,
22,T,-0.033646621,-0.037323147,-0.040508065,,,
22,V,0.157351497,0.023782603,0.048640785,,,
22,W,0.468005949,-0.029228069,-0.009350933,,,
22,Y,0.323033835,-0.001119186,0.172894935,,,
23,A,0.088431807,-0.094720094,-0.119502965,,,
23,C,-0.156657666,-0.101908007,0.10615644,,,
23,D,0.188056294,0.120025253,0.347097253,,,
23,E,-0.349502734,-0.13533511,-0.085604468,,,
23,F,0.168340261,-0.092340908,0.004834833,,,
23,G,0.375245335,-0.008385536,0.11586049,,,
23,H,-0.094484973,-0.119393112,-0.174684121,,,
23,I,-0.12628862,-0.001503286,0.067369882,,,
23,K,0.4517127,-0.967240684,-0.369233986,,,
23,L,0.045765729,-0.037138547,-0.028207231,,,
23,M,0.056409818,-0.034492924,0.078985312,,,
23,N,-0.180058987,-0.253840387,-0.201805453,,,
23,P,0.447798362,-0.057172434,-0.071384526,,,
23,Q,0.395581987,0.091037373,-0.150475993,,,
23,R,0.06641995,-0.108058902,-0.428449281,,,
23,S,0.236461335,-0.073882052,-0.10832947,,,
23,STOP,-0.530204519,-0.398591604,-0.409519416,,,
23,T,-0.077463127,-0.068640629,-0.054405166,,,
23,V,-0.079115315,-0.031650132,-0.05939575,,,
23,W,-0.636485999,0.073683583,-1.456167825,,,
23,Y,0.4517127,-0.011891251,0.427133382,,,
24,A,-0.182555652,-0.122554487,-0.150537374,,,
24,C,0.003120948,-2.84E-06,-0.064205029,,,
24,D,-0.016596805,0.002656842,-0.027241085,,,
24,E,-0.167446647,-0.032817959,-0.023287558,,,
24,F,-0.148738392,-0.092512579,-0.185376545,,,
24,G,-0.17229167,-0.047055381,-0.211378274,,,
24,H,-0.081477433,-0.108332895,-0.01287463,,,
24,I,-0.115029305,-0.01771013,0.03805552,,,
24,K,-0.080584093,-0.180972502,-0.153897745,,,
24,L,-0.148645946,-0.066193615,-0.127646695,,,
24,M,-0.232151076,-0.071280875,-0.132722391,,,
24,N,-0.184980747,-0.112181969,-0.053088846,,,
24,P,0.164841289,-0.017390797,-0.023631465,,,
24,Q,-0.268433561,-0.036140948,-0.147535275,,,
24,R,0.041744529,-0.042065168,-0.151858938,,,
24,S,-0.202430164,-0.085502309,-0.104036471,,,
24,STOP,-0.372196258,-0.308086504,-0.220368873,,,
24,T,-0.093804652,-0.051802487,-0.167035506,,,
24,V,-0.039120554,-0.027175227,-0.125814235,,,
24,W,-0.163587218,-0.06542857,-0.085273408,,,
24,Y,-0.009926289,-0.106517035,0.026218075,,,
25,A,0.091269201,0.004969484,-0.017844916,,,
25,C,0.066221045,-0.035883824,0.005247877,,,
25,D,0.307048397,0.023251763,0.101958473,,,
25,E,0.318687273,0.027194019,-0.007373353,,,
25,F,0.307091698,0.055920749,0.070568516,,,
25,G,-0.090678511,-0.036741286,0.02520669,,,
25,H,0.119617706,0.040357028,0.067292912,,,
25,I,-0.069587262,-0.017236352,-0.018142382,,,
25,K,0.113242043,0.030594688,-0.07579154,,,
25,L,0.033079494,0.02710541,0.010459118,,,
25,M,0.043624389,-0.002635029,-0.035536148,,,
25,N,-0.053907982,-0.009499609,-0.018103287,,,
25,P,-0.028640148,-0.217369307,-0.617977557,,,
25,Q,0.090386286,-0.03295709,-0.067073384,,,
25,R,0.068190782,-0.043049382,-0.060760244,,,
25,S,0.218360307,0.031350286,0.062780581,,,
25,STOP,-0.452531582,-0.280584085,-0.219240921,,,
25,T,0.110414073,0.001010703,-0.037590772,,,
25,V,-0.002312501,-0.002308748,0.018603133,,,
25,W,0.288394267,0.081229083,0.070287704,,,
25,Y,0.410582079,0.086408595,0.006192465,,,
26,A,0.228920049,-0.03158719,-0.104906115,,,
26,C,-0.102300796,-0.045166306,-0.035673459,,,
26,D,-0.022259533,0.156823521,-0.056402338,,,
26,E,0.4517127,-0.273235361,-0.186972962,,,
26,F,0.341955012,0.101445082,0.005066748,,,
26,G,-0.752960356,0.943458182,-0.369233986,,,
26,H,0.103542959,0.224829515,-0.267325499,,,
26,I,-0.052303738,0.029207683,-0.011833865,,,
26,K,-0.349502734,-0.510053607,-0.407776661,,,
26,L,0.001577752,0.003383897,0.019856054,,,
26,M,0.025943918,-0.051848888,0.104459739,,,
26,N,0.4517127,-0.139810921,-0.466089476,,,
26,P,0.597074358,0.123912903,0.188101254,,,
26,Q,1.32089439,-0.011891251,-0.466089476,,,
26,R,0.051100542,-0.26838386,-0.198905641,,,
26,S,-0.022259533,-0.550961752,-0.311585232,,,
26,STOP,-0.325540326,-0.031342806,-0.257596297,,,
26,T,0.067996452,-0.044647639,-0.040644792,,,
26,V,-0.064313644,-0.006359089,0.00024992,,,
26,Y,0.4517127,-0.839321014,-0.466089476,,,
27,A,0.597099924,0.026334378,-0.010718537,,,
27,C,0.594341313,-0.044272864,0.090245499,,,
27,D,0.4517127,0.943458182,-0.340077578,,,
27,E,-0.652813478,-0.214440615,-0.349735492,,,
27,F,-0.451879315,-0.277038723,-0.605955065,,,
27,G,-0.023591529,-0.22959051,-0.056265133,,,
27,H,0.603068612,-0.009336,0.065131053,,,
27,I,0.12046608,0.016381485,-0.292864231,,,
27,K,-0.024031482,-0.005316425,-0.057718671,,,
27,L,-0.452885843,-0.22241882,-0.500653442,,,
27,M,0.770152228,0.120092378,0.068485326,,,
27,N,-0.339672519,-0.174516926,-0.375344654,,,
27,P,-0.367131834,0.216328669,0.329498702,,,
27,Q,0.501452612,0.053288633,0.067277236,,,
27,R,-0.178435746,-0.049139977,-0.011370563,,,
27,S,0.378559523,0.01728377,-0.16796489,,,
27,STOP,-0.151511339,-0.112445562,-0.253747258,,,
27,T,0.612556097,0.036915651,0.055313833,,,
27,V,-0.447023202,-0.274857149,-0.568294886,,,
27,W,0.248199704,-0.053395146,-0.136150632,,,
27,Y,0.961444962,0.157260086,0.172629022,,,
28,A,0.002666975,-0.000151387,0.008578137,,,
28,C,0.002955504,-0.047596437,0.087282086,,,
28,D,0.197075904,0.056588372,0.022771787,,,
28,E,0.102004519,0.051839369,0.071068616,,,
28,F,-0.115699533,-0.101991875,-0.160620502,,,
28,G,-0.029909458,-0.004835808,-0.029049928,,,
28,H,-0.176063011,-0.016347554,-0.168916247,,,
28,I,-0.097381629,-0.168600757,-0.190206116,,,
28,K,-0.226338556,-0.091044298,-0.100942378,,,
28,L,-0.07592562,-0.027157078,-0.016768233,,,
28,M,-0.128056147,-0.011496459,-0.062792764,,,
28,N,0.095364006,-0.086545638,-0.11213159,,,
28,P,-0.32735672,-0.530566408,-0.238157216,,,
28,Q,-0.101909738,0.032932795,-0.014644982,,,
28,R,-0.191175372,-0.030466208,-0.085278542,,,
28,S,0.033199013,0.029461936,0.022737897,,,
28,STOP,-0.370862058,-0.212898875,-0.45956071,,,
28,T,-0.062927908,-0.003819214,0.012544908,,,
28,V,-0.115601484,-0.038536076,-0.127359211,,,
28,W,0.120010685,-0.127726846,-0.128694197,,,
28,Y,-0.13177717,-0.089423904,0.076999184,,,
29,A,0.342526787,0.013631731,-0.02860717,,,
29,C,0.351126528,0.042225453,0.002209236,,,
29,D,0.208994336,-0.097561196,-0.091479413,,,
29,E,0.401464594,0.066729663,-0.068713986,,,
29,F,0.267753349,0.069825667,0.096485706,,,
29,G,0.297736329,-0.008544094,-0.012122537,,,
29,H,0.377280807,-0.001775581,0.01562284,,,
29,I,0.430976044,0.015013048,0.036655272,,,
29,K,-0.049157327,0.132923335,0.00202954,,,
29,L,0.415261571,0.066495304,0.025186617,,,
29,M,0.404820327,0.040586834,0.09918,,,
29,N,0.239167448,0.083777635,-0.030426492,,,
29,P,-0.272500243,-0.18275654,-0.660147169,,,
29,Q,0.365546183,0.049755266,0.023368401,,,
29,R,0.396881764,0.04577335,0.016741934,,,
29,S,0.389451711,0.039325093,0.036837367,,,
29,STOP,-0.291690915,-0.08884473,-0.345714981,,,
29,T,0.400647492,0.030064313,-0.016373784,,,
29,V,0.491767405,0.059245147,0.051088248,,,
29,W,0.42112909,0.047466419,-0.017812658,,,
29,Y,0.348889206,-0.010421625,-0.003387693,,,
30,A,-0.520134298,-0.367374525,-0.725395918,,,
30,C,0.737280161,0.093933964,0.198042586,,,
30,D,0.192503868,-0.280351399,-0.643669762,,,
30,E,0.4517127,-0.788165838,-0.980323653,,,
30,F,0.318993085,0.003778382,0.150582853,,,
30,G,-0.17388072,-0.001344351,0.060205842,,,
30,H,0.192503868,-0.135972851,0.045380916,,,
30,I,-0.147028313,0.110611468,-0.074284163,,,
30,K,-0.621408012,0.238277131,-0.351483295,,,
30,L,0.166404375,0.018723053,0.030230509,,,
30,N,-0.105757498,-0.560957962,-0.668184252,,,
30,P,-0.33627942,-0.213812689,-0.556828172,,,
30,Q,0.4517127,0.116028419,-0.466089476,,,
30,R,-0.456927279,-0.221103132,-0.056336748,,,
30,S,-0.122902367,-0.16501285,-0.277658616,,,
30,STOP,-0.462995306,-0.294700692,-0.205839474,,,
30,T,-0.100344678,-0.075951108,-0.350976159,,,
30,V,-0.045678987,-0.006912689,-0.07513615,,,
30,Y,0.303260081,-0.014886037,-0.030385074,,,
31,A,0.16709492,0.053872617,0.06038781,,,
31,C,0.010649044,-0.00976998,-0.000344015,,,
31,D,0.126636081,0.001733219,0.08556607,,,
31,E,0.221881267,0.154616349,-0.043792421,,,
31,F,0.027632548,-0.041601005,-0.02622891,,,
31,G,0.083558762,0.003569409,0.01373694,,,
31,H,-0.268987003,-0.069573957,0.241382048,,,
31,I,0.591085691,0.01045206,0.130648452,,,
31,K,-0.086640585,-0.03164453,-0.259736972,,,
31,L,-0.11483806,-0.051439764,-0.0696526,,,
31,M,-0.063496531,-0.066680914,0.03356241,,,
31,N,-0.134995148,-0.032608301,-0.039607663,,,
31,P,-0.312515727,-0.175035584,-0.311596719,,,
31,Q,-0.160119852,-0.061281113,-0.0923197,,,
31,R,-0.030238947,-0.047766307,-0.054780528,,,
31,S,0.101151042,0.006586893,0.033553944,,,
31,STOP,-0.522881887,-0.317977634,-0.627185625,,,
31,T,-0.003012073,-0.044428887,-0.048392137,,,
31,V,0.425440203,0.06235265,0.144895449,,,
31,W,-0.03587382,-0.059360812,-0.003619599,,,
32,A,0.006556872,-0.035143456,-0.09906574,,,
32,C,0.067529131,-0.022288808,-0.01514155,,,
32,E,0.21467822,0.010429738,0.018894765,,,
32,F,0.237197827,-0.045054009,-0.086034989,,,
32,G,0.10606518,-0.047591472,-0.016268523,,,
32,H,0.062925302,-0.044663253,-0.058410557,,,
32,I,0.168758298,-0.047945631,-0.008555617,,,
32,K,0.143123104,-0.058131339,-0.104078643,,,
32,L,0.242437902,-0.027962953,-0.013913849,,,
32,M,0.171713276,-0.075052109,-0.093698553,,,
32,N,-0.053110481,-0.036509464,-0.101895837,,,
32,P,0.048265239,-0.111433495,-0.404930181,,,
32,Q,-0.065181259,0.020104508,-0.112266613,,,
32,R,0.231287277,-0.061776273,-0.173628436,,,
32,S,0.036153522,-0.022720265,-0.064073264,,,
32,STOP,-0.422598558,-0.313028363,-0.207227351,,,
32,T,-0.010367311,-0.055444585,-0.062953092,,,
32,V,0.067105424,-0.083305851,-0.18337411,,,
32,Y,0.216098547,-0.022797316,0.021916666,,,
33,A,0.057727808,-0.023176122,-0.114062447,,,
33,C,0.096276659,-0.043399952,-0.114176661,,,
33,D,0.290015177,-0.188987614,-0.105974046,,,
33,E,0.315062918,-0.115264465,-0.11336417,,,
33,F,0.33052488,0.076628852,0.182697394,,,
33,G,0.148132071,-0.051169324,-0.157709128,,,
33,H,0.494678545,0.012445462,-0.078452895,,,
33,I,0.522823285,-0.037728158,-0.001480227,,,
33,K,-0.287759508,-0.133890137,-0.237700524,,,
33,L,0.254629274,0.056739714,-0.010775398,,,
33,M,0.220600209,0.078991501,0.116307254,,,
33,N,0.302293024,0.046019494,-0.048985298,,,
33,P,-0.403921489,-0.303760337,-0.596993606,,,
33,Q,0.282671198,-0.053187673,-0.035161791,,,
33,R,0.229102331,-0.01527759,-0.069960201,,,
33,S,0.360820827,0.041419909,0.025240099,,,
33,STOP,-0.052422946,-0.318181883,-0.600061795,,,
33,T,0.435536779,0.05693311,0.09755938,,,
33,V,0.346056147,0.013607764,0.010009337,,,
33,W,0.643161427,0.011280972,0.084629232,,,
33,Y,0.414149037,0.037788031,0.044114898,,,
34,A,-0.114146106,-0.026757433,0.066990621,,,
34,C,0.170565586,-0.03776641,-0.214498972,,,
34,D,0.328218025,-0.049508076,-0.01675593,,,
34,E,-0.129716786,-0.171988619,0.050302611,,,
34,F,-0.371725501,-0.077371202,-0.466089476,,,
34,G,0.077491102,-0.00326418,0.118780806,,,
34,H,0.104512946,-0.05764455,0.054279588,,,
34,I,-0.048070646,-0.14081546,-0.10757687,,,
34,K,0.30588758,-0.236366679,-0.031195597,,,
34,L,-0.040945018,-0.128594354,-0.401553722,,,
34,M,-0.925743681,-0.53274004,-0.280648988,,,
34,N,0.032505293,-0.052237259,-0.086351948,,,
34,P,-0.434899577,-0.314425437,-0.603334097,,,
34,Q,-0.128850139,-0.023517652,0.152197022,,,
34,R,0.214523018,0.064895764,0.108606494,,,
34,S,0.040530776,-0.037097675,0.010414971,,,
34,STOP,-0.094679009,-0.081849712,-0.063236455,,,
34,T,0.148830722,-0.076511507,-0.132781323,,,
34,V,0.13111973,-0.060379195,-0.152014086,,,
34,Y,0.382684254,-0.108396409,-0.231374611,,,
35,A,-0.140588092,-0.068629369,-0.065755112,,,
35,C,0.134688814,-0.011265354,-0.012803037,,,
35,D,-0.160833456,-0.048591301,-0.274971089,,,
35,E,0.130297012,0.011687002,-0.209221245,,,
35,F,0.063583094,0.019984853,-0.109380953,,,
35,G,-0.028253662,-0.010209317,0.028014836,,,
35,H,-0.025524287,-0.063100752,-0.152113789,,,
35,I,0.398419002,0.019416532,-0.0435997,,,
35,K,0.202729478,-0.016978463,-0.067846248,,,
35,L,0.254463009,-0.01394349,-0.074277645,,,
35,M,0.37096222,-0.020212718,0.008040037,,,
35,N,-0.301544528,-0.038886197,-0.080891564,,,
35,P,0.286381292,0.045483674,-0.11492208,,,
35,Q,0.032709408,-0.099740124,-0.079834774,,,
35,R,0.279595552,0.041391269,0.018682795,,,
35,S,-0.098178931,-0.100648629,-0.082828225,,,
35,STOP,-0.503623433,-0.224711597,-0.428403221,,,
35,T,0.067647304,-0.099300222,-0.170975106,,,
35,V,0.289968465,-0.013344458,0.108377869,,,
35,W,-0.063643081,-0.031470378,-0.05078838,,,
35,Y,0.083910683,-0.122909218,-0.307622715,,,
36,A,-0.470277119,-0.271421564,-0.592491535,,,
36,C,0.252641618,-0.015494496,-0.022128013,,,
36,D,0.137037115,0.136931114,-0.188109026,,,
36,E,-0.312523367,-0.159991273,0.049774467,,,
36,F,-0.181795746,-0.431179744,-0.59811463,,,
36,G,0.235468253,0.012029003,-0.081829475,,,
36,H,-0.428555704,-0.27681246,-0.603378242,,,
36,I,-0.018061706,0.01402922,0.146068667,,,
36,K,0.044917883,-0.599850002,-0.15099079,,,
36,L,0.301611673,0.034654946,0.092451363,,,
36,N,-0.112682381,-0.10057561,-0.215769405,,,
36,P,0.004912017,-0.043593432,-0.327480824,,,
36,Q,0.482319716,0.138809908,0.097339007,,,
36,R,0.294244738,-0.16914657,-0.467287139,,,
36,S,-0.252536984,-0.199411437,-0.360017105,,,
36,STOP,-0.521738444,-0.238530068,-0.335572962,,,
36,T,0.728839315,0.158998119,0.214661649,,,
36,V,0.012616083,-0.026470483,0.041925035,,,
36,W,-0.15881476,-0.022821763,-0.375004379,,,
36,Y,-0.181449852,-0.058714473,-0.423408768,,,
37,A,-0.098196136,-0.01559734,0.04628886,,,
37,C,0.027489525,-0.033369032,-0.022494878,,,
37,D,0.264998835,0.015692437,0.065070882,,,
37,E,0.304411892,0.026470335,0.124635679,,,
37,F,0.298083506,0.040761208,0.073120802,,,
37,G,0.144332089,0.010278227,0.057165253,,,
37,H,0.050781949,0.047993878,0.073884853,,,
37,I,-0.007795321,0.014849425,0.029732965,,,
37,K,0.313875432,0.084759007,0.168159391,,,
37,L,0.075371976,-0.051487667,0.007702084,,,
37,M,0.087282738,0.004850398,0.067191817,,,
37,N,0.151627635,0.020199676,0.121744964,,,
37,P,-0.049213345,0.024868321,-0.004389276,,,
37,Q,0.069613343,-0.008660694,0.03447049,,,
37,R,0.211779624,0.052250205,0.15020514,,,
37,S,0.037149162,0.012692568,0.060791204,,,
37,STOP,0.028192746,-0.157721085,-0.241047401,,,
37,T,0.154740048,0.034639696,0.057558003,,,
37,V,0.053490333,0.021483409,0.040122212,,,
37,W,0.406385331,-0.050302847,0.133385901,,,
37,Y,0.215427988,0.072202754,0.168258228,,,
38,A,0.087601155,-0.007762363,0.050013748,,,
38,C,0.146612492,-0.053385294,0.038497177,,,
38,D,0.308762409,0.053103628,0.069774011,,,
38,E,0.318992679,0.030590791,0.051420609,,,
38,F,0.371270449,0.033505565,0.157376366,,,
38,G,0.034132789,-0.048104424,-0.034273844,,,
38,H,0.200568653,0.03561334,0.02244079,,,
38,I,0.305657582,0.031150497,0.080562752,,,
38,K,-0.012893163,-0.055015787,0.033512045,,,
38,L,0.322127655,0.020795606,0.079071238,,,
38,M,0.272993889,-0.065089621,0.09162054,,,
38,N,0.071033882,0.031647364,-0.03635703,,,
38,P,-0.026373506,0.031760692,0.002734161,,,
38,Q,0.144497726,0.060417884,0.077596097,,,
38,R,0.01114291,-0.055631259,-0.07370685,,,
38,S,0.15463582,0.022713106,0.046415119,,,
38,STOP,0.042480628,-0.052692137,-0.148067439,,,
38,T,0.199979683,0.048952166,0.0519272,,,
38,V,0.238331214,-0.026610679,0.032668835,,,
38,W,0.501416661,0.018949184,0.169505601,,,
38,Y,0.397933697,-0.000368786,0.130465139,,,
39,A,0.107373355,-0.176246346,-0.127678554,,,
39,C,0.20468652,-0.165033623,-0.214441241,,,
39,D,-0.030945186,0.01471482,-0.003711206,,,
39,E,-0.614602101,-0.069671594,-0.060318505,,,
39,F,0.024261183,-0.005093501,0.019303344,,,
39,G,-0.296826215,-0.091088701,-0.120300839,,,
39,H,0.616076846,0.091902953,0.134868337,,,
39,I,-0.214935742,0.303036822,0.187467074,,,
39,K,0.883503097,-0.011891251,-0.369233986,,,
39,L,0.223483153,-0.051845376,0.002517759,,,
39,N,0.096954191,-0.341588784,0.41511302,,,
39,P,-0.171251287,-0.099629151,-0.111454831,,,
39,Q,0.038193831,-0.084359577,0.092147311,,,
39,R,0.115291206,-0.12237426,-0.196383216,,,
39,S,-0.048074531,-0.11868554,-0.059325525,,,
39,STOP,-0.687210585,-0.325718774,-0.648083188,,,
39,T,0.281209799,0.018819586,-0.149526788,,,
39,V,-0.123811455,-0.108920319,-0.152616308,,,
39,W,-0.474225257,-0.011891251,-1.456167825,,,
39,Y,0.03058105,-0.017594663,0.204851251,,,
40,A,0.339449021,-0.020118699,0.078627079,,,
40,C,0.305257896,0.043320187,-0.1710943,,,
40,D,0.115845197,-0.047460124,-0.208771458,,,
40,E,0.784611835,0.116158132,0.270501295,,,
40,F,0.474691985,-0.06243343,-0.058441749,,,
40,G,0.790499251,0.140427796,0.239498012,,,
40,H,0.731316232,0.067879559,0.198345278,,,
40,I,0.391851295,-0.047524834,0.094206116,,,
40,K,0.6554781,0.113076278,0.124186864,,,
40,L,0.79325206,0.08565362,0.183031984,,,
40,N,0.573984384,0.062498644,0.405251505,,,
40,P,-0.131730853,-0.13101758,-0.347605796,,,
40,Q,0.042066126,-0.065617173,0.062285992,,,
40,R,0.707768485,0.153963004,0.120981141,,,
40,S,0.249169354,0.002155243,0.040441734,,,
40,STOP,-0.221620732,-0.271254874,-0.345022052,,,
40,T,0.082120671,-0.032738131,-0.101640864,,,
40,V,-0.025087945,-0.100409358,0.004546992,,,
40,W,-0.592501708,-0.672503414,0.446060148,,,
40,Y,0.518972005,0.047072394,0.087562963,,,
41,A,0.169328765,-0.072638319,0.019598394,,,
41,C,0.349442001,0.032067374,0.103253386,,,
41,D,-0.236121562,-0.15454121,-0.436880394,,,
41,E,-0.334669731,-0.210421816,-0.537302316,,,
41,F,0.663702278,0.247954004,0.071165402,,,
41,G,0.871500002,0.144388852,0.214558098,,,
41,H,0.040776207,0.059932854,-0.177326452,,,
41,I,0.2269928,-0.041650164,0.042232924,,,
41,K,-0.157499303,-0.100895523,-0.626758662,,,
41,L,1.140523431,0.22973716,0.357029732,,,
41,N,0.48217767,-0.008368286,-0.087236094,,,
41,P,0.000589436,-0.37821527,-0.254547003,,,
41,Q,-0.124709927,0.012602411,0.018595757,,,
41,R,-0.129579731,-0.139633748,-0.26855263,,,
41,S,0.323465449,-0.052148093,0.055160709,,,
41,STOP,-0.102016729,-0.546888067,-0.663412261,,,
41,T,0.828727988,0.142776716,0.114542307,,,
41,V,0.694318064,0.155230856,0.081824076,,,
41,W,0.2809597,-0.06238098,-0.311837384,,,
41,Y,-0.654234046,-0.43814858,-0.827704709,,,
42,A,0.008612549,0.01369543,-0.076579054,,,
42,C,-0.03696711,-0.018102265,-0.008399308,,,
42,D,-0.281634491,-0.266046894,-0.486742304,,,
42,E,-0.776310013,-0.339212772,-0.890330782,,,
42,F,-0.559802507,-0.358387685,-0.611675649,,,
42,G,-0.570855068,-0.204556446,-0.496269248,,,
42,H,-0.299958964,-0.145497488,-0.283895616,,,
42,I,1.04383511,-0.341090034,-0.842388244,,,
42,K,-0.58148322,-0.223413571,-0.7567612,,,
42,L,-0.416059716,-0.179985097,-0.468333279,,,
42,M,-0.916009936,0.116028419,-1.456167825,,,
42,N,-0.366368388,-0.055983898,-0.296417025,,,
42,P,-0.07820686,-0.088775605,-0.239361818,,,
42,Q,-0.482858909,-0.076377643,-0.363410671,,,
42,R,-0.022956431,-0.002846778,0.002700324,,,
42,S,-0.653406794,-0.198601866,-0.608302552,,,
42,STOP,-0.199316252,-0.216428432,-0.100953978,,,
42,T,-0.320901148,-0.219673064,-0.434893627,,,
42,V,-0.332358238,-0.113222866,-0.252015693,,,
42,W,-0.69344993,-0.438998611,-0.701879426,,,
42,Y,0.422660111,0.222303471,-0.642972836,,,
43,A,-0.619623488,-0.328974271,-0.50338486,,,
43,C,0.170886687,0.036685187,-0.049414716,,,
43,D,-0.233817216,0.695413825,-1.199106546,,,
43,E,0.4517127,-0.011891251,-0.369233986,,,
43,F,-0.030118296,-0.052424493,0.183520754,,,
43,G,0.064627407,-0.018696865,0.17546575,,,
43,H,-0.191796993,0.695413825,-1.199106546,,,
43,I,-0.050699657,0.031505282,-0.109224223,,,
43,K,-0.541783134,-0.056840977,-0.492409047,,,
43,L,0.007684611,-0.006534212,0.006978282,,,
43,M,-0.272500243,-1.37980849,-0.105502891,,,
43,N,0.4517127,-0.011891251,0.427133382,,,
43,P,-0.358539738,-0.630964293,-0.835600332,,,
43,Q,0.805292344,0.237397159,-0.147862463,,,
43,R,-0.230669201,-0.263308041,-0.734204515,,,
43,S,0.4517127,0.943458182,-0.466089476,,,
43,STOP,0.374288387,-0.111143403,-0.178805761,,,
43,T,0.239311889,0.013577972,0.040181488,,,
43,V,0.058953104,0.016505594,0.017828326,,,
43,W,-0.881020074,-0.32347252,-0.885424885,,,
43,Y,0.39377308,0.233765065,0.145280948,,,
44,A,-0.669605904,-0.355597397,-0.870112544,,,
44,C,0.757606141,0.142118806,0.092422267,,,
44,D,-0.566596668,-0.513594202,-0.307671002,,,
44,E,-0.392579984,-0.386837181,-0.485586138,,,
44,F,-0.443604415,-0.190152109,-0.321185919,,,
44,G,-0.402363332,-0.277490041,-0.592173429,,,
44,H,-0.508396663,-0.324191922,-0.785639528,,,
44,K,-0.434554214,-0.400217835,-0.530546058,,,
44,L,0.256872346,0.100908164,0.240160892,,,
44,M,0.318141866,0.204739845,-0.030597669,,,
44,N,-0.509510738,-0.333335797,-0.776025293,,,
44,P,0.087018274,-0.307706784,-0.435345567,,,
44,Q,-0.225669007,-0.190552359,-0.485383433,,,
44,R,-0.096201214,-0.179343986,-0.295441402,,,
44,S,-0.634833215,-0.329902241,-0.838494465,,,
44,STOP,-0.718431234,-0.19920206,-0.396427835,,,
44,T,-0.583832931,-0.25201101,-0.736084315,,,
44,V,0.1722298,-0.007337551,-0.033335003,,,
44,W,-0.340330712,-0.374437374,-0.43252412,,,
44,Y,-0.451733474,-0.386864302,-0.651465168,,,
45,A,0.159621955,0.060621585,0.131996026,,,
45,C,0.449394775,0.084153877,0.182310381,,,
45,D,-0.837695689,-0.310867765,-0.572868424,,,
45,E,-0.671245901,-0.327747244,-0.791868544,,,
45,F,0.032848655,-0.017578736,-0.046582399,,,
45,G,-0.015758069,-0.031090763,0.049880495,,,
45,H,0.316428554,0.090944699,0.098935402,,,
45,I,0.573578662,0.08476223,0.275246612,,,
45,K,-0.269433002,0.036657614,-0.028219367,,,
45,L,0.631357057,0.122268241,0.292219244,,,
45,M,0.505745473,0.083640291,0.206196794,,,
45,N,0.33523685,0.06296159,0.192788682,,,
45,P,0.161743249,-0.281548094,-0.28987398,,,
45,Q,0.453914537,0.118668613,0.262783375,,,
45,R,0.438924859,0.018734604,0.137545459,,,
45,S,0.268648407,0.080635247,0.192413494,,,
45,STOP,-0.489238308,-0.263129033,-0.288224425,,,
45,T,0.374301306,-0.003043718,0.062169515,,,
45,V,0.59305625,0.102347549,0.271115974,,,
45,W,0.102029413,0.010021118,0.023512987,,,
45,Y,-0.024633236,0.003261078,-0.010431534,,,
46,A,-0.031682043,-0.017691993,-0.01214368,,,
46,C,0.104648869,0.016117054,0.075045768,,,
46,D,0.298830086,0.151409391,0.160034014,,,
46,E,0.157471348,0.057913669,-0.047971909,,,
46,F,-0.017883051,0.024233202,0.131131347,,,
46,G,-0.027106034,-0.012471501,0.053151636,,,
46,H,0.177696044,0.065182974,0.124547981,,,
46,I,-0.351045576,-0.047295768,-0.075942716,,,
46,K,-0.401784205,-0.146906762,-0.239569745,,,
46,L,-0.476246582,-0.151185679,-0.155706458,,,
46,M,0.024532018,0.012684348,0.0607698,,,
46,N,0.1380915,0.054965514,0.188918915,,,
46,P,-0.08208404,-0.188136792,-0.244392943,,,
46,Q,-0.044440317,0.033354555,0.115531772,,,
46,R,-0.346456875,-0.06091244,0.057472324,,,
46,S,0.066566459,0.014730166,0.073419098,,,
46,STOP,0.104993581,-0.025802455,-0.220923462,,,
46,T,-0.109756509,-0.009656254,0.14010763,,,
46,V,-0.292941717,-0.029355607,0.002782716,,,
46,W,-0.13269814,-0.006878296,0.218426425,,,
46,Y,0.05567061,0.077748445,0.176893581,,,
47,A,-0.141546126,-0.098035361,-0.044779994,,,
47,D,-0.293750467,-0.303365721,-0.466062499,,,
47,E,-0.629709871,-0.312979805,-0.787900631,,,
47,F,-0.070767635,-0.248821595,-0.305055261,,,
47,G,-0.030371506,-0.017439653,-0.003067831,,,
47,H,-0.648241891,-0.329727444,-0.835035944,,,
47,K,-0.383713464,-0.341120631,-0.408412857,,,
47,L,-0.510608362,-0.354721708,-0.930320493,,,
47,M,1.095222394,-0.856853671,-0.466089476,,,
47,P,-0.069048277,-0.076505365,-0.077542524,,,
47,Q,-0.683453883,-0.277651723,-0.663906829,,,
47,R,0.077863749,-0.102226144,-0.185684186,,,
47,S,0.514291246,0.091468937,0.180152425,,,
47,STOP,-0.627725007,-0.177191037,-0.85391293,,,
47,T,-0.541824613,0.041008733,-0.178777362,,,
47,V,-0.026282667,-0.086014829,0.324010987,,,
47,Y,-0.550531763,-0.291115636,-0.757073796,,,
48,A,-0.28876605,-0.274742929,-0.464906267,,,
48,C,-0.609270716,-0.32845666,-0.574860951,,,
48,D,-0.318656659,-0.243548967,-0.525336434,,,
48,E,-0.324879982,-0.195096616,-0.453789468,,,
48,F,-0.620271982,-0.34718918,-0.655074917,,,
48,G,-0.377012936,-0.251530918,-0.457221689,,,
48,H,-0.563717424,-0.312646864,-0.647133671,,,
48,I,-0.77935126,-0.313860265,-0.940872431,,,
48,K,-0.081847923,-0.054627554,0.030245643,,,
48,L,-0.516488562,-0.335534258,-0.716582929,,,
48,M,-0.493313263,-0.448568385,-0.423260105,,,
48,N,-0.618183874,-0.369489686,-0.801401545,,,
48,P,0.383627568,-0.127053849,-0.036711283,,,
48,Q,-0.523232981,-0.185910208,-0.619338485,,,
48,R,-0.501743975,-0.325280836,-0.624352585,,,
48,S,-0.57104909,-0.298916823,-0.702193618,,,
48,STOP,-0.391931042,-0.289641381,-0.392013169,,,
48,T,-0.496351293,-0.283514097,-0.536043038,,,
48,V,-0.525972488,-0.308263591,-0.631423173,,,
48,W,-0.517486421,-0.307631926,-0.754826349,,,
48,Y,-0.594303227,-0.320535627,-0.588121982,,,
49,A,0.294699335,0.094813149,0.115361352,,,
49,C,-0.205247129,-0.09270879,-0.144139995,,,
49,D,-0.668335629,-0.590357663,-0.638549232,,,
49,E,0.4517127,1.271356032,-0.466089476,,,
49,F,-0.51804,-0.182414762,-0.303205649,,,
49,G,0.004549316,0.045982429,0.192105902,,,
49,H,0.219856291,0.057079821,0.114997036,,,
49,I,0.240323461,0.084574388,0.041465084,,,
49,K,0.017780347,-0.046050904,-0.195169717,,,
49,L,-0.146809174,-0.106966801,0.027954227,,,
49,N,-0.009839277,0.022120367,0.009646391,,,
49,P,0.095015379,-0.073294901,-0.294340111,,,
49,R,-0.22498717,-0.044639749,-0.178159725,,,
49,S,-0.311492722,-0.022281581,0.030182014,,,
49,STOP,-0.464213028,-0.174731135,-0.398059292,,,
49,T,-0.148359731,-0.053578215,0.051641843,,,
49,V,-0.0784618,-0.142579565,-0.102251274,,,
49,W,-0.098967752,-0.238722013,-0.507095713,,,
49,Y,-0.443883435,-0.104593875,-0.389002371,,,
50,A,0.35442559,0.038664533,0.027522754,,,
50,C,0.147889724,0.054615417,0.14253044,,,
50,D,0.251783166,0.029882238,-0.704179185,,,
50,E,0.581077231,0.023873447,0.101978144,,,
50,F,-0.403643344,-0.029778436,-0.681661418,,,
50,G,-0.724354357,-0.336746817,-0.475273938,,,
50,H,-0.330795652,0.780506611,-0.674023144,,,
50,I,0.291147102,0.106349518,0.04467484,,,
50,K,-0.474225257,-0.011891251,-0.466089476,,,
50,L,-0.020541465,-0.014778518,0.016560703,,,
50,M,0.161117521,0.054427869,0.03107966,,,
50,P,-0.51747509,-0.011891251,-0.519635257,,,
50,Q,-0.294759938,0.268940315,0.309255611,,,
50,R,-0.022259533,-0.011891251,-0.16623349,,,
50,S,-0.247921238,-0.362716636,-0.25670965,,,
50,STOP,-0.703733603,0.347687207,-0.857290343,,,
50,T,0.089511237,0.06664923,0.097043771,,,
50,V,0.345469012,0.067889425,0.067134133,,,
50,W,0.4517127,-0.839321014,-0.466089476,,,
51,A,-0.074312702,-0.032688521,0.030052147,,,
51,C,-0.086235557,0.006212758,0.017530635,,,
51,D,0.197973181,-0.086506079,-0.158788507,,,
51,E,-0.073250221,0.000478461,0.119414146,,,
51,F,-0.089406931,-0.032001246,0.02290278,,,
51,G,-0.191454932,-0.034004077,-0.019545116,,,
51,H,-0.357818379,-0.162491302,-0.078389134,,,
51,I,-0.033697549,-0.040132714,-0.055029311,,,
51,K,-0.38222162,-0.184386614,-0.095463035,,,
51,L,-0.20149182,-0.053781839,-0.037979098,,,
51,N,-0.27369916,-0.036846891,0.116897558,,,
51,P,0.070289547,0.06667336,0.033095405,,,
51,Q,-0.243150296,-0.004059181,-0.005953932,,,
51,R,0.038288478,-0.104450007,-0.163798921,,,
51,S,-0.060996197,-0.031732348,0.04086128,,,
51,STOP,-0.359080734,-0.266349308,-0.455952827,,,
51,T,-0.068578635,-0.037739844,0.05986338,,,
51,V,-0.159192075,-0.070209914,-0.022281495,,,
51,W,-0.109485208,-0.06417373,-0.234969479,,,
51,Y,-0.389764754,-0.125144472,-0.079008956,,,
52,A,-0.082694103,-0.12606815,-0.018028585,,,
52,C,-0.022307006,-0.052100525,0.012715676,,,
52,D,0.029800337,-0.01047245,0.006938851,,,
52,E,-0.046411738,0.022160883,-0.095461455,,,
52,F,0.142584393,-0.094119473,-0.028513066,,,
52,G,-0.206886595,-0.11003092,-0.134811281,,,
52,H,-0.319246411,0.07108602,-0.197467547,,,
52,I,-0.063918254,0.023659712,-0.013985107,,,
52,K,-0.082267413,-0.101658453,-0.016436487,,,
52,L,-0.142643114,-0.132142579,-0.063901192,,,
52,M,-0.138753529,-0.045868634,-0.22909467,,,
52,N,-0.204972276,-0.000942372,-0.079121065,,,
52,P,-0.047241304,-0.043540414,-0.016128665,,,
52,Q,-0.035450278,-0.040136305,0.08288338,,,
52,R,0.006835782,-0.00985661,0.023907131,,,
52,S,-0.111508575,-0.045554097,-0.059023957,,,
52,STOP,-0.353819925,-0.191081348,-0.396454895,,,
52,T,-0.118283267,-0.073117562,-0.03733497,,,
52,V,-0.172308588,-0.033294862,0.006674143,,,
52,W,0.29071022,-0.061639867,0.037306731,,,
52,Y,0.082305839,-0.139141591,-0.018133843,,,
53,A,-0.077215326,-0.026201096,-0.08642294,,,
53,C,-0.119169998,-0.020646547,-0.020309319,,,
53,D,-0.062908418,-0.031838476,-0.179409875,,,
53,E,0.126218973,-0.060989456,-0.089676494,,,
53,F,0.249148602,-0.060884536,0.142921088,,,
53,G,0.030808638,-0.005961146,0.009054159,,,
53,H,0.015540634,0.003937522,-0.018080309,,,
53,I,-0.123609756,-0.017736248,-0.081184024,,,
53,K,0.064067364,-0.078474458,0.006452176,,,
53,L,-0.098831506,0.016959903,-0.094812247,,,
53,M,0.038424565,0.001980908,-0.081395275,,,
53,N,-0.027800594,-0.006723869,0.005110745,,,
53,P,0.09391652,0.012869034,0.038400615,,,
53,Q,-0.095703269,-0.028812152,-0.032829268,,,
53,R,-0.075716677,-0.057321668,-0.085298357,,,
53,S,-0.11371186,-0.036812981,-0.092167751,,,
53,STOP,-0.426868619,-0.393543045,-0.45575557,,,
53,T,-0.072714901,-0.061049857,-0.062578287,,,
53,V,-0.060746635,-0.068345639,-0.096772504,,,
53,W,0.121252176,0.025210083,-0.012016972,,,
53,Y,0.119919386,-0.142190514,-0.104491651,,,
54,A,-0.001533793,-0.023735709,0.057577179,,,
54,C,0.272666748,0.001203403,-0.024669189,,,
54,D,0.235275433,-0.033222275,-0.015724096,,,
54,E,0.226080648,0.016648803,-0.037344509,,,
54,F,0.270435828,0.02307315,0.086086009,,,
54,G,0.006798202,0.020679126,0.057793365,,,
54,H,0.276588852,0.026331055,0.078542247,,,
54,I,0.160090802,0.029776242,-0.049676745,,,
54,K,-0.079187313,0.007514605,0.046278254,,,
54,L,0.244243295,-0.025783422,-0.007351259,,,
54,N,0.20669637,0.059859936,0.071043484,,,
54,P,0.317800218,0.070443578,0.159753859,,,
54,Q,-0.003914265,0.003046762,0.000432037,,,
54,R,-0.00280723,-0.003834721,0.030420948,,,
54,S,0.347124183,0.090586,0.223711357,,,
54,STOP,-0.365485743,-0.323909023,-0.391885323,,,
54,T,-0.097165002,-0.003857677,0.09611643,,,
54,V,0.120427779,-0.005566072,-0.058707031,,,
54,W,0.170727638,0.018133792,0.050174921,,,
54,Y,0.096274065,-0.030329413,0.019239854,,,
55,A,0.098744793,-0.007563382,-0.0065299,,,
55,C,0.009911915,-0.011337466,-0.018317435,,,
55,D,0.13669665,-0.032197536,-0.044316965,,,
55,E,0.098792154,-0.019274178,-0.019377476,,,
55,F,0.27601695,-0.104842449,-0.050292619,,,
55,G,0.190260081,-0.069728626,-0.123160741,,,
55,H,0.112171746,-0.039394981,-0.179267778,,,
55,I,0.088173123,-0.041393466,0.062728226,,,
55,K,0.154085926,-0.007869845,-0.058905132,,,
55,L,0.044635149,-0.040176506,-0.048984889,,,
55,M,0.087572741,0.052889718,-0.04699575,,,
55,N,0.112219419,-0.007649395,-0.08972774,,,
55,P,-0.011932824,-0.047774818,-0.073809301,,,
55,Q,-0.008389681,0.006607401,-0.047585546,,,
55,R,0.143141138,0.011335215,-0.093959702,,,
55,S,0.169756655,-0.012984456,-0.043576291,,,
55,STOP,-0.121683597,0.037144965,-0.213489596,,,
55,T,-0.025330705,-0.020187177,0.00461782,,,
55,V,0.045749582,-0.00597162,-0.043851147,,,
55,W,0.351216338,0.105682595,0.043397435,,,
55,Y,0.21260221,-0.024864697,-0.018459435,,,
56,A,0.387323943,0.115052015,0.035313716,,,
56,C,-0.10756058,-0.027714793,-0.02507404,,,
56,E,0.4517127,-0.341158658,-0.37607015,,,
56,F,0.193813875,0.0461778,-0.068094253,,,
56,G,-0.990377769,-0.046788466,0.109313455,,,
56,I,-0.079723271,0.039871321,-0.050911738,,,
56,K,-0.022493552,-0.398397533,-0.068195789,,,
56,L,-0.090292969,0.007559064,-0.065994826,,,
56,M,0.059734407,-0.035194388,0.253062962,,,
56,N,-0.233817216,0.0828157,-0.466089476,,,
56,P,-0.228511935,-0.454902949,-0.642173948,,,
56,Q,-0.752960356,-0.011891251,-0.466089476,,,
56,R,-0.614869173,-0.011891251,-0.923315395,,,
56,S,-0.042140245,-0.01896847,-0.119987914,,,
56,STOP,-0.056707635,-0.066354837,-0.144693201,,,
56,T,0.340936639,0.021358959,-0.048938086,,,
56,V,-0.067572698,-0.039792491,-0.104336497,,,
56,W,-0.332971466,0.131286089,-0.378271173,,,
57,A,-0.082472746,0.00614593,0.019473286,,,
57,C,-0.098225744,0.015215265,-0.076394852,,,
57,D,0.123850111,0.01821801,0.101744539,,,
57,E,0.103120363,0.026450467,0.01097462,,,
57,F,-0.036457592,0.013612496,-0.048221721,,,
57,G,-0.010298563,0.021321304,0.038070889,,,
57,H,-0.034783128,-0.018616254,0.003594316,,,
57,I,0.029364224,-0.02903215,-0.063957608,,,
57,K,-0.051949137,0.023050341,-0.039172159,,,
57,L,-0.027136422,-0.017955372,0.050555281,,,
57,M,-0.189124017,-0.06572337,-0.036970583,,,
57,N,-0.139651672,0.018492436,-0.011389113,,,
57,P,0.429908626,-0.00606949,0.01567194,,,
57,Q,-0.007899063,0.001902903,-0.052446311,,,
57,R,-0.077630367,0.008524454,-0.017581615,,,
57,S,-0.019103551,-0.022012369,0.00834044,,,
57,STOP,-0.503128146,-0.256163522,-0.107145969,,,
57,T,0.049165765,-0.046714504,-0.035613752,,,
57,V,0.042756208,-0.001586392,0.002972982,,,
57,W,-0.044256814,-0.071432489,-0.226720051,,,
57,Y,-0.100176876,0.009448967,-0.013103998,,,
58,A,0.062072487,0.142129179,-0.041699096,,,
58,C,-0.115027457,-0.114665861,-0.243505674,,,
58,D,-0.024575611,0.052038721,-0.047135787,,,
58,E,-0.19289044,-0.077445869,-0.221519985,,,
58,F,-0.186060453,-0.051733928,-0.141477851,,,
58,G,-0.030051254,-0.029208836,-0.12502048,,,
58,H,-0.463738266,-0.343206232,-0.209995513,,,
58,I,-0.611902008,0.10031844,-0.355073749,,,
58,K,0.221599253,0.037908697,-0.00949114,,,
58,L,-0.233857962,-0.084481528,-0.21052137,,,
58,N,-0.16897859,-0.016694552,-0.171208899,,,
58,P,0.151216465,-0.064321563,0.070227602,,,
58,Q,-0.122400022,-0.04687821,-0.220530675,,,
58,R,-0.106655665,-0.011777633,-0.233857395,,,
58,S,-0.027824856,-0.072763746,-0.047619141,,,
58,STOP,-0.400600834,-0.178936744,-0.170696622,,,
58,T,-0.107485674,-0.079322043,-0.162947228,,,
58,V,-0.14832915,-0.116335007,-0.230947468,,,
58,W,-0.174216355,-0.033110513,-0.161390466,,,
58,Y,-0.277621244,-0.090233945,-0.187446938,,,
59,A,-0.153845625,0.039181747,0.002592077,,,
59,C,0.103258588,0.105363023,0.129413564,,,
59,G,-0.51068058,-0.606828871,-1.013680298,,,
59,I,-0.346370299,-0.126983955,-0.545077491,,,
59,K,0.420736117,-0.772065177,0.036379661,,,
59,L,-0.160375689,0.029024582,-0.080912656,,,
59,N,0.006429294,0.009768298,-0.051604224,,,
59,P,-0.637274837,0.695413825,-0.394381285,,,
59,R,0.376081057,-0.250060808,0.045440833,,,
59,S,0.093227784,0.053602515,0.124114258,,,
59,STOP,-0.43995485,-0.297819861,-0.284695938,,,
59,T,-0.353859632,-0.075187441,-0.445070975,,,
59,V,-0.204534233,-0.166377658,-0.534658133,,,
59,W,0.55031288,-0.104423118,1.129461701,,,
59,Y,-0.108345376,-0.00634832,0.006967548,,,
60,A,0.022683415,0.019174501,0.0068114,,,
60,C,0.09503629,-0.055018475,-0.059599149,,,
60,D,0.261773438,0.029970404,0.033216483,,,
60,E,-0.374590658,-0.235017463,-0.577208169,,,
60,F,-0.180079946,-0.110665037,-0.218472446,,,
60,G,-0.030305514,-0.036077844,-0.129280021,,,
60,H,0.090006607,0.052473231,0.021290573,,,
60,I,-0.132595979,-0.114351664,-0.20700641,,,
60,K,0.135404484,0.058058922,-0.038716938,,,
60,L,-0.132387082,-0.08693068,-0.196744477,,,
60,N,0.237502865,-0.197042213,1.385762435,,,
60,P,-0.257859454,-0.027898312,-0.185173459,,,
60,Q,-0.045785051,-0.049447232,-0.100313228,,,
60,R,-0.015582478,-0.021394428,-0.063862365,,,
60,S,0.058739721,0.001500324,0.005178456,,,
60,STOP,-1.235194971,-0.028925795,0.559808102,,,
60,T,-0.017793596,-0.034545692,-0.101032007,,,
60,V,0.012616807,-0.024833662,-0.059964168,,,
60,W,-0.474225257,1.399275702,-0.466089476,,,
60,Y,-0.100970748,-0.114997459,-0.278714792,,,
61,A,0.287450455,-0.002975763,-0.072750245,,,
61,C,0.096878214,-0.016771584,-0.103771296,,,
61,D,0.20240056,0.088019988,-0.754645877,,,
61,E,0.539966497,0.108158482,-0.475544603,,,
61,F,0.455996993,0.048090234,0.047567139,,,
61,G,0.021797169,-0.027754849,-0.338436306,,,
61,H,0.341008073,0.026527893,0.082258852,,,
61,I,0.08636567,0.004927711,0.016861104,,,
61,K,0.097434676,0.137663841,0.04140123,,,
61,L,0.181602069,0.018772829,0.051904614,,,
61,M,0.195929715,0.050826232,0.028744444,,,
61,N,0.315519046,0.125686797,-0.086850205,,,
61,P,0.004528254,0.052890926,0.100490303,,,
61,Q,0.039944242,0.062029865,-0.539084921,,,
61,R,0.093483229,0.021992292,-0.135100142,,,
61,S,0.109830496,-0.11278429,-0.221903636,,,
61,STOP,-0.390957798,-0.343516719,-0.558577974,,,
61,T,-0.046337016,-0.090889471,-0.440676235,,,
61,V,-0.123977224,-0.012047638,-0.010168476,,,
61,W,0.432512721,-0.042293752,-0.267654196,,,
61,Y,-0.37066756,-0.090767322,-0.288994458,,,
62,A,0.23958418,0.078206379,0.090524198,,,
62,C,0.12964783,0.04520346,0.024112726,,,
62,D,0.102912334,-0.021308043,0.032452778,,,
62,E,0.260236547,0.018046237,0.030343074,,,
62,F,0.208775031,0.043136161,0.067026109,,,
62,G,0.237265872,0.064823037,0.042655945,,,
62,H,0.187246165,0.050222771,0.074531803,,,
62,I,0.213150076,0.072946272,0.148414094,,,
62,K,-0.145353689,0.065438129,-0.016483066,,,
62,L,0.123198539,0.043095683,0.069206861,,,
62,M,0.087704796,0.044158517,0.055468722,,,
62,N,0.041933175,0.015792171,0.055770866,,,
62,P,0.311829296,0.065248652,0.07830202,,,
62,Q,0.022290217,0.022829772,0.07920937,,,
62,R,-0.070061473,0.027980874,0.025006144,,,
62,S,0.165566202,0.053639585,0.080661885,,,
62,STOP,-0.51457993,-0.201171702,0.037889572,,,
62,T,0.163620933,0.072766908,0.072233567,,,
62,V,0.214036151,0.080497653,0.094298498,,,
62,W,0.047192916,0.078616811,0.085768128,,,
62,Y,0.170148276,0.078910695,0.030392656,,,
63,A,-0.054536892,-0.04994898,-0.159993887,,,
63,C,0.041920591,-0.028110029,-0.083817472,,,
63,D,0.037130395,-0.03039978,-0.13569193,,,
63,E,0.01745684,-0.059722937,-0.191967328,,,
63,F,0.0134055,-0.077777014,-0.181593738,,,
63,G,-0.056316407,-0.097375808,-0.171017385,,,
63,H,-0.03759228,-0.039946751,-0.147306735,,,
63,I,-0.042677256,-0.099914609,-0.173663925,,,
63,K,-0.02628002,0.000573511,-0.033979693,,,
63,L,-0.064084056,-0.09902923,-0.157120942,,,
63,M,0.019952925,-0.163946764,-0.209683824,,,
63,N,-0.060738655,-0.12540768,-0.130446981,,,
63,P,0.047653982,-0.028233908,-0.097265361,,,
63,Q,-0.093299069,-0.087301713,-0.220777388,,,
63,R,-0.114276365,-0.092188809,-0.225409451,,,
63,S,-0.050912706,-0.084415477,-0.14670696,,,
63,STOP,-0.949237795,-0.679183207,-0.19863345,,,
63,T,-0.030255116,-0.063960431,-0.125938175,,,
63,V,-0.093576834,-0.086214638,-0.182522489,,,
63,W,0.016539795,-0.060497774,-0.377988958,,,
63,Y,-0.012158581,-0.077389099,-0.173503407,,,
64,A,0.139878141,0.099049738,0.201135982,,,
64,C,0.191954697,0.059246298,0.111997681,,,
64,D,0.01480869,0.046250239,0.142071067,,,
64,E,-0.136239239,-0.04501833,0.050381304,,,
64,F,0.186877569,0.02278248,0.022809517,,,
64,G,0.325874035,0.141429053,0.236269937,,,
64,H,0.147085572,0.040854637,0.015268474,,,
64,I,0.414662683,0.072643651,0.096217556,,,
64,K,-0.531512128,-0.124489151,-0.239442921,,,
64,L,0.044593581,0.025153789,0.027717749,,,
64,M,0.23239302,0.071407649,0.100285365,,,
64,N,0.061663155,0.038286332,0.081997159,,,
64,P,-0.437363805,-0.002116168,-0.177511464,,,
64,Q,0.031906876,0.072996877,0.128191481,,,
64,R,-0.391528528,-0.157878593,-0.098558308,,,
64,S,0.061225723,0.07320386,0.169756508,,,
64,STOP,0.026451821,0.033801955,-0.493560417,,,
64,T,0.010059195,0.053448152,0.127829876,,,
64,V,0.163838227,0.075552482,0.107187513,,,
64,W,0.794877301,-0.343347296,0.09258345,,,
64,Y,0.147301285,-0.002134679,0.147609636,,,
65,A,0.087003287,0.0217006,0.076507023,,,
65,C,-0.042325943,0.010730485,-0.034423177,,,
65,D,-0.082230688,0.016242086,0.068688263,,,
65,E,-0.176992799,-0.003229359,0.185393633,,,
65,F,0.241784464,-0.008200239,0.001603417,,,
65,G,0.032510606,0.039398301,0.1089659,,,
65,H,0.308426486,0.048209753,0.059978326,,,
65,I,0.192737682,-0.047525329,-0.053255991,,,
65,K,0.0949739,-0.027299734,-0.021919647,,,
65,L,0.327138681,0.054954128,0.017945163,,,
65,M,0.127048434,0.009543577,-0.011632016,,,
65,N,0.104247551,0.024655295,0.02957743,,,
65,P,-0.205050566,-0.044687009,-0.36507346,,,
65,Q,0.122596256,0.031911668,0.112146255,,,
65,R,0.160202201,0.004787481,-0.018736394,,,
65,S,-0.022401566,0.017366258,0.011999023,,,
65,STOP,-0.491100309,-0.821227368,-0.035701866,,,
65,T,0.135537318,-0.000985761,0.014980499,,,
65,V,-0.01250991,-0.025531495,-0.100208579,,,
65,W,0.280451998,0.074543409,-0.130389803,,,
65,Y,0.313806761,0.031912747,0.002843181,,,
66,A,0.486283307,0.086287947,-0.043265118,,,
66,C,-0.186723071,-0.104917379,0.107740815,,,
66,D,-0.231913672,-0.002962787,0.223856512,,,
66,E,-0.329541952,-0.077939564,-0.020523821,,,
66,F,-0.466582707,-0.076815996,-0.052989256,,,
66,G,-0.478707247,-0.174341897,0.139733256,,,
66,H,0.127027539,0.113641656,0.25706777,,,
66,I,-0.474203508,-0.073292264,0.106596227,,,
66,K,-0.647430859,-0.257030284,-0.393284947,,,
66,L,0.007839973,0.093854819,0.180164206,,,
66,M,-0.2186311,0.05847369,0.16298004,,,
66,N,0.08504459,0.070246068,0.148194244,,,
66,P,-0.553815746,-0.178604203,-0.028000912,,,
66,Q,-0.90119805,-0.366270129,0.190699415,,,
66,R,-0.136408545,-0.30566011,-0.401544565,,,
66,S,-0.334812746,0.003203997,0.028765974,,,
66,STOP,-0.136805841,-0.354268092,-0.061835346,,,
66,T,-0.002985163,-0.014116119,-0.006857752,,,
66,V,-0.44622418,-0.087960592,-0.000980661,,,
66,W,-0.491667326,-0.085834599,-0.12329507,,,
66,Y,-0.231252695,0.021901239,-0.039184964,,,
67,A,0.652947075,0.220493903,0.009104068,,,
67,C,0.104213324,0.022108337,0.085892422,,,
67,D,-0.265688417,-0.331414202,-0.329744182,,,
67,E,0.023714839,0.033910014,-0.296719141,,,
67,F,0.263590971,0.074394443,0.049930041,,,
67,G,0.065632507,0.125997981,-0.120324513,,,
67,H,0.390157559,0.056163522,-0.218980236,,,
67,I,-0.063106742,-0.044667797,-0.063675946,,,
67,K,-0.463798051,-0.389105263,-0.530058622,,,
67,L,-0.068494975,0.043600004,0.021188328,,,
67,N,0.224700024,-0.18498939,-0.408170469,,,
67,P,0.580416624,0.090646357,0.032609734,,,
67,Q,0.556173492,0.016879268,-0.013231413,,,
67,R,-0.11619014,-0.039117376,-0.183649607,,,
67,S,-0.497725796,-0.258759908,-0.740298387,,,
67,STOP,-0.359111696,-0.169819463,-0.397514033,,,
67,T,0.782720438,0.198414334,0.24048691,,,
67,V,-0.169316799,-0.032327706,-0.0223044,,,
67,W,-0.080761918,0.043511323,-0.631358705,,,
67,Y,0.152391409,-0.180340129,-0.098036241,,,
68,A,-0.487983129,-0.109952631,0.006311873,,,
68,C,0.03028356,0.084330616,0.0564438,,,
68,D,-0.631829442,-0.157954977,-0.635248917,,,
68,E,-0.156014631,-0.229909399,-0.425456788,,,
68,F,0.003881985,-0.032860906,-0.399148975,,,
68,G,-0.043859694,-0.048041387,-0.313056859,,,
68,I,0.164473085,-0.001798878,-0.231489282,,,
68,K,-0.046828247,0.336730778,-1.033019631,,,
68,L,-0.161959932,0.211740007,-0.400107522,,,
68,M,0.2211278,0.002535538,-0.358554749,,,
68,N,0.159285952,0.144097749,0.27895799,,,
68,P,-0.644394842,-0.376390004,-0.920810397,,,
68,Q,1.068349691,0.250070221,0.35534662,,,
68,R,0.260054148,0.082012166,-0.104426845,,,
68,S,0.392471551,0.23477618,0.208363612,,,
68,STOP,-0.498672253,-0.221241801,-0.306107304,,,
68,T,0.080110065,-0.02641929,-0.372564357,,,
68,V,0.223953643,0.054587891,-0.058120861,,,
68,W,-0.355440008,-0.098866491,-1.36021932,,,
68,Y,-0.395151344,-0.243970924,-0.494679105,,,
69,A,0.328633041,0.02799855,-0.082764783,,,
69,C,0.537299838,0.086176005,0.140732685,,,
69,D,-0.534560424,-0.261250626,-0.642369877,,,
69,E,-0.549788783,-0.314671945,-0.69195379,,,
69,F,0.801307342,0.253577985,0.39240844,,,
69,G,-0.079963633,-0.070071859,-0.415627773,,,
69,H,0.76248431,0.236986734,0.066191106,,,
69,I,0.079495928,-0.026032337,-0.039949406,,,
69,K,-0.247852827,-0.217209571,-0.682253206,,,
69,L,-0.018063522,0.001704217,-0.007539162,,,
69,M,0.27602885,0.031550153,0.113580176,,,
69,N,0.129996264,-0.006435794,-0.274642435,,,
69,P,0.480890528,0.170379755,0.034023718,,,
69,Q,-0.159755281,-0.116442122,-0.538029491,,,
69,R,-0.405442208,-0.127184501,-0.283871926,,,
69,S,-0.215775834,-0.109695086,-0.428791079,,,
69,STOP,-0.354824091,-0.568880934,-0.257353974,,,
69,T,0.012465969,-0.037826104,-0.352303047,,,
69,V,0.367439103,0.025284003,0.034890841,,,
69,W,0.335991376,0.12780632,-0.119685733,,,
69,Y,0.801474747,0.225692042,0.111673107,,,
70,A,0.06866576,-0.044002685,-0.191451838,,,
70,C,0.582770483,-0.130622237,0.237342819,,,
70,D,0.031954631,-0.08657455,-0.310032185,,,
70,E,-0.138916885,-0.19792665,-0.02094889,,,
70,F,0.4517127,-0.367521372,0.07168427,,,
70,G,-0.468882727,-0.23125643,-0.780590735,,,
70,H,-0.370360814,-0.414902523,-0.882209668,,,
70,I,0.051327746,0.003965572,0.079319699,,,
70,K,-0.310043189,-0.172863838,-0.497639478,,,
70,L,0.463581783,0.159507907,0.274242162,,,
70,N,-0.473946427,-0.310835729,-0.686370996,,,
70,P,-0.117847391,-0.086668247,-0.285677652,,,
70,Q,-0.510498877,-0.321440392,-0.620616323,,,
70,R,0.214105265,0.010825132,-0.006413531,,,
70,S,-0.382349002,-0.347234552,-0.660300142,,,
70,STOP,0.189520721,0.009004606,-0.193959526,,,
70,T,0.774744231,0.219844907,0.085461095,,,
70,V,-0.080480362,-0.012497876,0.005499433,,,
70,W,0.4517127,-1.4176696,0.427133382,,,
70,Y,-0.176395851,-0.192796026,-0.294096267,,,
71,A,0.096270875,0.061188096,-0.171544828,,,
71,C,0.491118452,-0.065812617,-0.08885344,,,
71,D,0.332586675,-0.154426163,-0.090848796,,,
71,F,-0.352042016,-0.102290774,-0.127664146,,,
71,G,0.724329683,0.097651174,0.129165869,,,
71,H,-0.575099378,-0.30091328,-0.639221282,,,
71,I,-0.165397745,-0.175443843,-0.501910527,,,
71,K,-0.416825157,-0.375704811,-0.865546854,,,
71,L,0.265120419,0.025733308,0.065247848,,,
71,M,0.508779347,0.110086572,0.161432184,,,
71,N,-0.599840409,0.795472682,-0.524402292,,,
71,P,-0.460877702,-0.310083571,-0.684255298,,,
71,Q,-0.038709792,-0.00012316,-0.66697011,,,
71,R,-0.256136914,-0.106206903,-0.536179744,,,
71,S,-0.031528395,0.419647456,0.178253406,,,
71,STOP,-0.55728772,-0.284941269,-0.58096073,,,
71,T,0.364067604,0.223256313,-0.419665238,,,
71,V,0.622570871,-0.027926034,-0.02341658,,,
71,W,-1.129965178,-0.222954285,-0.32707376,,,
71,Y,-0.463026682,-0.28601334,-0.643095126,,,
72,A,0.272632064,0.018320869,-0.07379278,,,
72,C,0.579448067,0.089826942,0.059621447,,,
72,D,0.436184517,-0.02558882,0.056686102,,,
72,E,-0.164882342,-0.171792182,-0.655675864,,,
72,F,-0.378506508,-0.184786914,-0.380996751,,,
72,G,0.448902892,0.097269505,-0.026655698,,,
72,H,0.631927992,0.130572061,0.092477,,,
72,I,-0.449868783,-0.255568337,-0.68455059,,,
72,K,0.297540255,0.000760191,0.042834323,,,
72,L,-0.568760207,-0.326656724,-0.66128065,,,
72,M,-0.136879732,-0.056631077,-0.23151685,,,
72,N,0.31154,0.092878276,-0.154415361,,,
72,P,-0.532716564,-0.316725594,-0.669266498,,,
72,Q,0.279429099,0.01503364,-0.131419293,,,
72,R,0.020217953,0.013475698,0.026723426,,,
72,S,0.50443881,0.040099521,0.023775141,,,
72,STOP,-0.39137713,-0.263922992,-0.625154102,,,
72,T,0.779929021,0.105445658,0.211164008,,,
72,V,-0.434769056,-0.303882958,-0.650271212,,,
72,W,-0.605745847,-0.328424446,-0.543103959,,,
72,Y,-0.480110818,-0.325434038,-0.598907475,,,
73,A,-0.606628273,-0.396662604,-0.740506943,,,
73,C,-0.207851099,-0.147142917,-0.525645686,,,
73,D,0.675328002,-0.050897133,-0.233689617,,,
73,E,0.062991123,-0.047814498,0.712432166,,,
73,F,-0.218921819,-0.062417593,-0.675228101,,,
73,G,0.007391393,-0.054150371,0.040032139,,,
73,H,0.493732923,0.695413825,-0.466089476,,,
73,I,0.592061409,0.183318241,0.185847483,,,
73,K,0.243398718,-0.083975258,-0.037070337,,,
73,L,-0.024914603,-0.013972198,0.021934986,,,
73,M,-0.482901546,-0.241402086,-0.616336931,,,
73,N,0.461259563,0.172839865,0.184424666,,,
73,P,-0.698398501,-0.031404567,-0.169382111,,,
73,Q,0.4517127,-0.151435557,-0.378620253,,,
73,R,0.157554199,0.092534478,0.055670705,,,
73,S,-0.015955231,-0.159587917,-0.049283557,,,
73,STOP,-0.40937822,-0.213432319,-0.538690696,,,
73,T,-0.296108315,-0.161957744,-0.697570548,,,
73,V,0.529050989,0.160176018,0.198862826,,,
73,W,0.4517127,-0.50091873,-0.262006518,,,
73,Y,0.182010552,0.480830847,-0.156777344,,,
74,A,-0.12461015,-0.108543238,-0.145134591,,,
74,C,0.063420409,0.038350846,0.036197269,,,
74,D,0.00846572,-0.104760404,-0.400087054,,,
74,E,-0.368501094,-0.273308852,-0.550010888,,,
74,G,0.373142316,0.26931003,-0.158097383,,,
74,H,-0.603867405,0.024794774,-0.516085227,,,
74,I,0.083014212,0.146558937,-0.289660583,,,
74,K,0.44383367,-0.021904059,-0.061200781,,,
74,L,-0.191796993,-0.624489376,0.767728447,,,
74,M,0.4517127,0.065124064,0.347084226,,,
74,N,0.20449063,-0.143046613,-0.516700664,,,
74,Q,0.4517127,-0.139810921,-0.301534903,,,
74,R,0.085493345,0.008941381,0.025858834,,,
74,S,-0.426105794,-0.311639895,-0.288901072,,,
74,STOP,-0.398854165,-0.281543069,-0.527566652,,,
74,T,-0.210887586,-0.34754895,0.057587559,,,
74,V,0.561788009,0.191688252,0.184429672,,,
74,Y,0.4517127,0.695413825,-0.369233986,,,
75,A,-0.566247028,-0.328504922,-0.867018841,,,
75,C,0.4517127,-0.839321014,-0.466089476,,,
75,D,-0.474690742,-0.479745769,-0.454586963,,,
75,E,-0.581555917,-0.252817227,-0.507185359,,,
75,F,-0.679735587,-0.489651692,-0.32978845,,,
75,G,-0.012320066,0.017522769,0.016718323,,,
75,H,-0.494466396,-0.289635757,-0.724077658,,,
75,I,-0.747130063,-0.574914297,-0.648751053,,,
75,K,-0.454143385,-0.290020014,-0.559166841,,,
75,L,-0.354332247,-0.282255706,-0.344621113,,,
75,M,-0.276529924,-0.349449781,-0.601890945,,,
75,N,-0.255512323,-0.416797988,-0.570034265,,,
75,P,-0.39133005,-0.295017252,-0.519129733,,,
75,Q,-0.52252225,-0.279931733,-0.650944579,,,
75,R,-0.425015558,-0.084047944,-0.480497556,,,
75,S,0.589884568,-0.162899701,-0.083923283,,,
75,STOP,-0.280611498,-0.021112984,-0.024459,,,
75,T,-0.474225257,-0.011891251,0.570200686,,,
75,V,0.227218465,0.063860124,0.182693261,,,
75,Y,-0.17856126,-0.099807204,-0.841620082,,,
76,A,0.262544224,-0.307383215,-0.000994926,,,
76,C,-0.402823741,-0.397714525,-0.42686106,,,
76,D,-0.593202182,-0.362741639,-0.936712482,,,
76,E,0.764202014,0.168894024,-0.233757075,,,
76,F,-0.322698039,-0.371731851,-0.454986966,,,
76,G,-0.013201092,-0.005635136,-0.020872479,,,
76,H,-1.404587286,-0.342879407,-0.60753107,,,
76,I,-0.384266918,-0.190081667,-0.738718031,,,
76,L,-0.733781345,-0.444438282,-0.446436153,,,
76,P,-0.336784644,-0.369165428,-0.455287151,,,
76,Q,-0.767104431,-0.378084132,-0.613801377,,,
76,R,-0.144515242,-0.024006075,0.075131943,,,
76,S,-0.386177448,-0.124929485,-0.588465604,,,
76,STOP,-0.06891005,0.253572026,-0.839523998,,,
76,T,-0.437640583,-0.435436802,-0.567400933,,,
76,V,-0.545815466,-0.254166402,-0.462690097,,,
76,W,-0.448209775,-0.451543275,-0.708286647,,,
77,C,-0.132281159,-0.098234914,-0.091697654,,,
77,W,-0.112691424,0.0370767,0.049629877,,,